{
  "data": [
    {
      "id": 1,
      "title": "home",
      "type": "link",
      "path": ""
    },
    {
      "id": 2,
      "title": "feature",
      "type": "sub",
      "mega_menu": true,
      "mega_menu_type": "image",
      "tag": "new",
      "children": [
        {
          "section": [
            {
              "title": "invoice template",
              "type": "sub",
              "children": [
                {
                  "title": "invoice 1",
                  "path": "",
                  "type": "link"
                },
                {
                  "title": "invoice 2",
                  "path": "",
                  "type": "link"
                },
                {
                  "title": "invoice 3",
                  "path": "",
                  "type": "link"
                },
                {
                  "title": "invoice 4",
                  "path": "",
                  "type": "link"
                },
                {
                  "title": "invoice 5",
                  "path": "",
                  "type": "link"
                },
                {
                  "title": "invoice 6",
                  "path": "",
                  "type": "link"
                }
              ]
            },
            {
              "title": "elements",
              "type": "sub",
              "children": [
                {
                  "title": "elements page",
                  "path": "",
                  "type": "link",
                  "trending": true
                }
              ]
            }
          ]
        },
        {
          "title": "email template",
          "type": "sub",
          "children": [
            {
              "title": "welcome",
              "path": "",
              "type": "external_link"
            },
            {
              "title": "announcement",
              "path": "",
              "type": "external_link"
            },
            {
              "title": "abandonment",
              "path": "",
              "type": "external_link"
            },
            {
              "title": "offer",
              "path": "",
              "type": "external_link"
            },
            {
              "title": "offer 2",
              "path": "",
              "type": "external_link"
            },
            {
              "title": "review",
              "path": "",
              "type": "external_link"
            },
            {
              "title": "featured product",
              "path": "",
              "type": "external_link"
            }
          ]
        },
        {
          "title": "email template",
          "type": "sub",
          "children": [
            {
              "title": "black friday",
              "path": "",
              "type": "external_link"
            },
            {
              "title": "christmas",
              "path": "",
              "type": "external_link"
            },
            {
              "title": "cyber-monday",
              "path": "",
              "type": "external_link"
            },
            {
              "title": "flash sale",
              "path": "",
              "type": "external_link"
            },
            {
              "title": "order success",
              "path": "",
              "type": "external_link"
            },
            {
              "title": "order success 2",
              "path": "",
              "type": "external_link"
            }
          ]
        },
        {
          "section": [
            {
              "title": "cookie bar",
              "type": "sub",
              "children": [
                {
                  "title": "bottom",
                  "path": "",
                  "type": "link",
                  "trending": true
                },
                {
                  "title": "bottom left",
                  "path": "",
                  "type": "link"
                },
                {
                  "title": "bottom right",
                  "path": "",
                  "type": "link"
                }
              ]
            },
            {
              "title": "search",
              "type": "sub",
              "children": [
                {
                  "title": "ajax search",
                  "path": "",
                  "type": "link",
                  "trending": true
                }
              ]
            }
          ]
        },
        {
          "title": "model",
          "type": "sub",
          "children": [
            {
              "title": "Newsletter",
              "path": "",
              "type": "link"
            },
            {
              "title": "exit",
              "path": "",
              "type": "link",
              "trending": true
            },
            {
              "title": "christmas",
              "path": "",
              "type": "link"
            },
            {
              "title": "black friday",
              "path": "",
              "type": "link"
            },
            {
              "title": "cyber monday",
              "path": "",
              "type": "link"
            },
            {
              "title": "new year",
              "path": "",
              "type": "link"
            }
          ]
        },
        {
          "title": "add to cart",
          "type": "sub",
          "children": [
            {
              "title": "cart modal popup",
              "path": "",
              "type": "link"
            },
            {
              "title": "qty. counter",
              "path": "",
              "type": "link",
              "trending": true
            },
            {
              "title": "cart top",
              "path": "",
              "type": "link"
            },
            {
              "title": "cart bottom",
              "path": "",
              "type": "link"
            },
            {
              "title": "cart left",
              "path": "",
              "type": "link"
            },
            {
              "title": "cart right",
              "path": "",
              "type": "link"
            }
          ]
        }
      ]
    },
    {
      "id": 3,
      "title": "shop",
      "type": "sub",
      "children": [
        {
          "title": "tab style",
          "path": "",
          "type": "link",
          "tag": "new"
        },
        {
          "title": "top filter",
          "path": "",
          "type": "link"
        },
        {
          "title": "modern",
          "path": "",
          "type": "link"
        },
        {
          "title": "left sidebar",
          "path": "",
          "type": "link"
        },
        {
          "title": "right sidebar",
          "path": "",
          "type": "link"
        },
        {
          "title": "no sidebar",
          "path": "",
          "type": "link"
        },
        {
          "title": "sidebar popup",
          "path": "",
          "type": "link"
        },
        {
          "title": "metro",
          "path": "",
          "type": "link"
        },
        {
          "title": "full width",
          "path": "",
          "type": "link"
        },
        {
          "title": "infinite scroll",
          "path": "",
          "type": "link"
        },
        {
          "title": "three grid",
          "path": "",
          "type": "link"
        },
        {
          "title": "six grid",
          "path": "",
          "type": "link"
        },
        {
          "title": "list view",
          "path": "",
          "type": "link"
        }
      ]
    },
    {
      "id": 4,
      "title": "product",
      "type": "sub",
      "children": [
        {
          "title": "video thumbnail",
          "path": "",
          "type": "link",
          "tag": "new"
        },
        {
          "title": "sidebar",
          "type": "sub",
          "children": [
            {
              "title": "left sidebar",
              "path": "",
              "type": "link"
            },
            {
              "title": "right sidebar",
              "path": "",
              "type": "link"
            },
            {
              "title": "no sidebar",
              "path": "",
              "type": "link"
            }
          ]
        },
        {
          "title": "thumbnail image",
          "type": "sub",
          "children": [
            {
              "title": "left image",
              "path": "",
              "type": "link"
            },
            {
              "title": "right image",
              "path": "",
              "type": "link"
            },
            {
              "title": "image outside",
              "path": "",
              "type": "link"
            }
          ]
        },
        {
          "title": "three column",
          "type": "sub",
          "children": [
            {
              "title": "thumbnail left",
              "path": "",
              "type": "link"
            },
            {
              "title": "thumbnail right",
              "path": "",
              "type": "link"
            },
            {
              "title": "thumbnail bottom",
              "path": "",
              "type": "link"
            }
          ]
        },
        {
          "title": "four image",
          "path": "",
          "type": "link"
        },
        {
          "title": "sticky",
          "path": "",
          "type": "link"
        },
        {
          "title": "accordion",
          "path": "",
          "type": "link"
        },
        {
          "title": "bundle",
          "path": "",
          "type": "link"
        },
        {
          "title": "image swatch",
          "path": "",
          "type": "link"
        },
        {
          "title": "vertical tab",
          "path": "",
          "type": "link"
        }
      ]
    },
    {
      "id": 5,
      "title": "pages",
      "type": "sub",
      "children": [
        {
          "title": "vendor",
          "type": "sub",
          "children": [
            {
              "title": "vendor dashboard",
              "path": "",
              "type": "link"
            },
            {
              "title": "vendor profile",
              "path": "",
              "type": "link"
            },
            {
              "title": "become vendor",
              "path": "",
              "type": "link"
            }
          ]
        },
        {
          "title": "account",
          "type": "sub",
          "children": [
            {
              "title": "wishlist",
              "path": "",
              "type": "link"
            },
            {
              "title": "cart",
              "path": "",
              "type": "link"
            },
            {
              "title": "dashboard",
              "path": "",
              "type": "link"
            },
            {
              "title": "login",
              "path": "",
              "type": "link"
            },
            {
              "title": "register",
              "path": "",
              "type": "link"
            },
            {
              "title": "contact",
              "path": "",
              "type": "link"
            },
            {
              "title": "forget password",
              "path": "",
              "type": "link"
            },
            {
              "title": "profile",
              "path": "",
              "type": "link"
            },
            {
              "title": "checkout",
              "path": "",
              "type": "link"
            },
            {
              "title": "order success",
              "path": "",
              "type": "link"
            },
            {
              "title": "order tracking",
              "path": "",
              "type": "link",
              "tag": "new"
            }
          ]
        },
        {
          "title": "portfolio",
          "type": "sub",
          "children": [
            {
              "title": "grid",
              "type": "sub",
              "children": [
                {
                  "title": "grid 2",
                  "path": "",
                  "type": "link"
                },
                {
                  "title": "grid 3",
                  "path": "",
                  "type": "link"
                },
                {
                  "title": "grid 4",
                  "path": "",
                  "type": "link"
                }
              ]
            },
            {
              "title": "masonry",
              "type": "sub",
              "children": [
                {
                  "title": "grid 2",
                  "path": "",
                  "type": "link"
                },
                {
                  "title": "grid 3",
                  "path": "",
                  "type": "link"
                },
                {
                  "title": "grid 4",
                  "path": "",
                  "type": "link"
                },
                {
                  "title": "full width",
                  "path": "",
                  "type": "link"
                }
              ]
            }
          ]
        },
        {
          "title": "about us",
          "path": "",
          "type": "link"
        },
        {
          "title": "search",
          "path": "",
          "type": "link"
        },
        {
          "title": "review",
          "path": "",
          "type": "link"
        },
        {
          "title": "compare",
          "type": "sub",
          "children": [
            {
              "title": "compare",
              "path": "",
              "type": "link"
            },
            {
              "title": "compare-2",
              "path": "",
              "type": "link"
            }
          ]
        },
        {
          "title": "collection",
          "path": "",
          "type": "link"
        },
        {
          "title": "lookbook",
          "path": "",
          "type": "link"
        },
        {
          "title": "site map",
          "path": "",
          "type": "link"
        },
        {
          "title": "404",
          "path": "",
          "type": "link"
        },
        {
          "title": "coming soon",
          "path": "",
          "type": "link"
        },
        {
          "title": "FAQ",
          "path": "",
          "type": "link"
        }
      ]
    },
    {
      "id": 6,
      "title": "blog",
      "type": "sub",
      "children": [
        {
          "title": "left sidebar",
          "path": "",
          "type": "link"
        },
        {
          "title": "right sidebar",
          "path": "",
          "type": "link"
        },
        {
          "title": "no sidebar",
          "path": "",
          "type": "link"
        },
        {
          "title": "blog details",
          "path": "",
          "type": "link"
        }
      ]
    }
  ]
}

